Daily update: Mon Oct 27 15:52:38 UTC 2025
Daily update: Mon Oct 27 15:58:07 UTC 2025
Automated update: Mon Oct 27 16:13:26 UTC 2025
Automated update: Mon Oct 27 16:38:32 UTC 2025
TDSFU Daily run: Mon Oct 27 17:03:52 UTC 2025 TDSFU
TDSFU Daily run: Tue Oct 28 04:34:01 UTC 2025 TDSFU
TDSFU Daily run: Wed Oct 29 04:37:39 UTC 2025 TDSFU
TDSFU Daily run: Thu Oct 30 04:33:35 UTC 2025 TDSFU
TDSFU Daily run: Fri Oct 31 04:35:30 UTC 2025 TDSFU
TDSFU Daily run: Sat Nov  1 04:31:03 UTC 2025 TDSFU
TDSFU Daily run: Sun Nov  2 04:33:30 UTC 2025 TDSFU
TDSFU Daily run: Mon Nov  3 04:39:12 UTC 2025 TDSFU
TDSFU Daily run: Tue Nov  4 04:33:46 UTC 2025 TDSFU
TDSFU Daily run: Wed Nov  5 04:34:20 UTC 2025 TDSFU
TDSFU Daily run: Thu Nov  6 04:37:53 UTC 2025 TDSFU
TDSFU Daily run: Fri Nov  7 04:33:47 UTC 2025 TDSFU
TDSFU Daily run: Sat Nov  8 04:32:38 UTC 2025 TDSFU
